{
  "0": 0.7173333333333334,
  "1": 0.7173333333333334,
  "2": 4.719298245614035
}